{"cameraMode":{"drawMode":0,"name":"Shaded","section":"Shading Mode"},"sceneLighting":true,"audioPlay":false,"sceneViewState":{"m_AlwaysRefresh":false,"showFog":true,"showSkybox":true,"showFlares":true,"showImageEffects":true,"showParticleSystems":true,"showVisualEffectGraphs":true,"m_FxEnabled":true},"in2DMode":false,"pivot":{"x":-6.788000106811523,"y":8.204540252685547,"z":-24.957508087158204},"rotation":{"x":-0.0011396033223718405,"y":0.9797909259796143,"z":-0.19994977116584779,"w":-0.005583951249718666},"size":45.764347076416019,"orthographic":false}