{"cameraMode":{"drawMode":0,"name":"Shaded","section":"Shading Mode"},"sceneLighting":true,"audioPlay":false,"sceneViewState":{"m_AlwaysRefresh":false,"showFog":true,"showSkybox":true,"showFlares":true,"showImageEffects":true,"showParticleSystems":true,"showVisualEffectGraphs":true,"m_FxEnabled":true},"in2DMode":false,"pivot":{"x":-4.168999671936035,"y":3.1401190757751467,"z":-175.28848266601563},"rotation":{"x":-0.06335535645484925,"y":-0.9353888034820557,"z":0.2697993814945221,"w":-0.21972432732582093},"size":36.622703552246097,"orthographic":false}