{"cameraMode":{"drawMode":0,"name":"Shaded","section":"Shading Mode"},"sceneLighting":true,"audioPlay":false,"sceneViewState":{"m_AlwaysRefresh":false,"showFog":true,"showSkybox":true,"showFlares":true,"showImageEffects":true,"showParticleSystems":true,"showVisualEffectGraphs":true,"m_FxEnabled":true},"in2DMode":false,"pivot":{"x":39.8143424987793,"y":133.29122924804688,"z":-26.258651733398439},"rotation":{"x":0.020081058144569398,"y":0.8861564993858337,"z":-0.46134263277053835,"w":0.038572151213884357},"size":187.3407745361328,"orthographic":false}